Topic,Subtopic,Pattern,Question,A,B,C,D,Answer,Source
GK,Polity,Standard MCQ,The Constitution of India was adopted on:,26th January 1950,26th November 1949,15th August 1947,26th January 1949,26th November 1949,NewDataTxt
GK,Polity,Standard MCQ,Who is the custodian of the fundamental rights in India?,Parliament,President,Supreme Court,Prime Minister,Supreme Court,NewDataTxt
GK,Geography,Standard MCQ,The term of a governor of a state is:,4 years,5 years,6 years,3 years,5 years,NewDataTxt
GK,Polity,Standard MCQ,Minimum age to become the President of India is:,25 years,30 years,35 years,40 years,35 years,NewDataTxt
GK,Polity,Standard MCQ,Which article of the Constitution deals with the 'Right to Equality'?,Article 14-18,Article 19-22,Article 23-24,Article 25-28,Article 14-18,NewDataTxt
GK,Polity,Standard MCQ,The Rajya Sabha is a permanent house and cannot be dissolved. Its members retire every:,2 years,3 years,5 years,6 years,2 years,NewDataTxt
GK,General,Standard MCQ,Who appoints the chief justice of India?,Prime Minister,President,Parliament,Law Minister,President,NewDataTxt
GK,Polity,Standard MCQ,The Preamble of the Indian Constitution is based on:,Objective resolution,Nehru Report,Government of India Act 1935,Mountbatten Plan,Objective resolution,NewDataTxt
GK,Polity,Standard MCQ,Which schedule of the Constitution deals with the languages?,7th schedule,8th schedule,9th schedule,10th schedule,8th schedule,NewDataTxt
GK,Geography,Standard MCQ,The Concept of 'Directive principles of state policy' was borrowed from:,USA,USSR,Ireland,United Kingdom,Ireland,NewDataTxt
GK,Geography,Standard MCQ,The Indus valley civilization was discovered in:,1921,1922,1925,1930,1921,NewDataTxt
GK,General,Standard MCQ,Who was the founder of Buddhism?,Mahavira,Gautama Buddha,Ashoka,Guru Nanak,Gautama Buddha,NewDataTxt
GK,History,Standard MCQ,The battle of Plassey was fought in the year:,1757,1764,1526,1857,1757,NewDataTxt
GK,Polity,Standard MCQ,Who was the first Governor-General of Bengal?,Lord Clive,Warren Hastings,Lord William Bentinck,Lord Canning,Warren Hastings,NewDataTxt
GK,History,Standard MCQ,"The slogan ""swaraj is my birthright and I shall have it"" was given by:",Mahatma Gandhi,Bal Gangadhar Tilak,Subhash Chandra Bose,Lala Lajpat Rai,Bal Gangadhar Tilak,NewDataTxt
GK,General,Standard MCQ,"Who is known as the ""Iron Man of India""?",Bal Gangadhar Tilak,Sardar Vallabhbhai Patel,Jawaharlal Nehru,Mahatma Gandhi,Sardar Vallabhbhai Patel,NewDataTxt
GK,History,Standard MCQ,The Quit India Movement started in:,1920,1930,1942,1947,1942,NewDataTxt
GK,General,Standard MCQ,"Who wrote the book ""Discovery of India""?",Mahatma Gandhi,Jawaharlal Nehru,Rabindranath Tagore,Sardar Patel,Jawaharlal Nehru,NewDataTxt
GK,History,Standard MCQ,The Sepoy Mutiny (First war of Independence) took place in:,1857,1757,1942,1885,1857,NewDataTxt
GK,History,Standard MCQ,Jallianwala Bagh massacre took place in:,Lahore,Amritsar,Jalandhar,Delhi,Amritsar,NewDataTxt
GK,Geography,Standard MCQ,Which is the largest river in India?,Godavari,Yamuna,Ganga,Brahmaputra,Ganga,NewDataTxt
GK,Geography,Standard MCQ,Which planet is known as the red planet?,Venus,Mars,Jupiter,Saturn,Mars,NewDataTxt
GK,Geography,Standard MCQ,The highest peak in India is:,K2 (Godwin-Austen),Kanchenjunga,Nanda Devi,Mount Everest,Kanchenjunga,NewDataTxt
GK,Geography,Standard MCQ,Which state has the longest coastline in India?,Andhra Pradesh,Tamil Nadu,Maharashtra,Gujarat,Gujarat,NewDataTxt
GK,General,Standard MCQ,The imaginary line that divides India into two almost equal parts is:,Equator,Tropic of Capricorn,Tropic of Cancer,Prime Meridian,Tropic of Cancer,NewDataTxt
GK,Geography,Standard MCQ,Which soil is best for cotton cultivation?,Alluvial soil,Red soil,Black soil,Laterite soil,Black soil,NewDataTxt
GK,Geography,Standard MCQ,The largest freshwater lake in India is:,Chilika lake,Wular lake,Vembanad lake,Dal lake,Wular lake,NewDataTxt
GK,Geography,Standard MCQ,Which is the smallest state in India by area?,Sikkim,Goa,Tripura,Mizoram,Goa,NewDataTxt
GK,General,Standard MCQ,Gir National Park is famous for:,Bengal Tigers,Asiatic Lions,One-horned Rhinoceros,Snow Leopards,Asiatic Lions,NewDataTxt
GK,Geography,Standard MCQ,"Which river is known as the ""Sorrow of Bihar""?",Damodar,Kosi,Gandak,Son,Kosi,NewDataTxt
GK,History,Standard MCQ,The Reserve Bank of India was established in:,1935,1947,1950,1969,1935,NewDataTxt
GK,General,Standard MCQ,Who is known as the Father of Indian Economics?,M. G. Ranade,Dadabhai Naoroji,Amartya Sen,Manmohan Singh,Dadabhai Naoroji,NewDataTxt
GK,General,Standard MCQ,GST stands for:,Government Sales Tax,Goods and Service Tax,General Service Tax,Growth and Standard Tariff,Goods and Service Tax,NewDataTxt
GK,General,Standard MCQ,NITI Aayog replaced which body?,National Development Council,Finance Commission,Planning Commission,Tariff Commission,Planning Commission,NewDataTxt
GK,General,Standard MCQ,The currency of Japan is:,Yuan,Yen,Won,Ringgit,Yen,NewDataTxt
GK,Science,Standard MCQ,The unit of electric current is:,Volt,Ohm,Ampere,Watt,Ampere,NewDataTxt
GK,Science,Standard MCQ,Which gas is essential for burning?,Nitrogen,Carbon Dioxide,Oxygen,Hydrogen,Oxygen,NewDataTxt
GK,Science,Standard MCQ,The chemical formula of water is:,CO2,H2O,H2O2,HO,H2O,NewDataTxt
GK,Science,Standard MCQ,Which vitamin is produced by sunlight?,Vitamin A,Vitamin B,Vitamin C,Vitamin D,Vitamin D,NewDataTxt
GK,Science,Standard MCQ,The powerhouse of the cell is:,Ribosome,Mitochondria,Nucleus,Golgi Apparatus,Mitochondria,NewDataTxt
GK,General,Standard MCQ,Human heart has how many chambers?,2,3,4,5,4,NewDataTxt
GK,Science,Standard MCQ,Laughing gas is:,Nitric Oxide,Nitrous Oxide,Nitrogen Dioxide,Carbon Monoxide,Nitrous Oxide,NewDataTxt
GK,Science,Standard MCQ,Which metal is liquid at room temperature?,Sodium,Mercury,Gallium,Bromine,Mercury,NewDataTxt
GK,General,Standard MCQ,Sound cannot travel through:,Solid,Liquid,Gas,Vacuum,Vacuum,NewDataTxt
GK,General,Standard MCQ,Light year is a unit of:,Time,Distance,Speed,Intensity,Distance,NewDataTxt
GK,General,Standard MCQ,World Environment Day is celebrated on:,22nd April,5th June,16th September,11th July,5th June,NewDataTxt
GK,History,Standard MCQ,Which gas is mainly responsible for global warming?,Oxygen,Nitrogen,Carbon Dioxide,Argon,Carbon Dioxide,NewDataTxt
GK,Meghalaya,Standard MCQ,Meghalaya was formed as a separate state on:,15th August 1947,21st January 1972,26th January 1950,1st April 1970,21st January 1972,NewDataTxt
GK,Meghalaya,Standard MCQ,The capital of Meghalaya is:,Tura,Shillong,Jowai,Nongstoin,Shillong,NewDataTxt
GK,Meghalaya,Standard MCQ,Which is the highest peak in Meghalaya?,Nokrek Peak,Shillong peak,Jupgli Peak,Kyllang Rock,Shillong peak,NewDataTxt
GK,Meghalaya,Standard MCQ,"The wettest place on earth, Mawsynram, is located in which district?",West Khasi Hills,East Khasi Hills,South Garo Hills,West Jaintia Hills,East Khasi Hills,NewDataTxt
GK,Meghalaya,Standard MCQ,Who was the first chief minister of Meghalaya?,Capt. W.A. Sangma,D.D. Pugh,B.B. Lyngdoh,P.A. Sangma,Capt. W.A. Sangma,NewDataTxt
GK,Meghalaya,Standard MCQ,Which national park is located in Meghalaya?,Kaziranga National Park,Nokrek National Park,Balpakram National park,Manas National Park,Balpakram National park,NewDataTxt
GK,Geography,Standard MCQ,The river Umngot flows through:,Cherrapunji,Dawki,Jowai,Tura,Dawki,NewDataTxt
GK,Meghalaya,Standard MCQ,Which festival is known as the 'Hundred Drums Festival' in Meghalaya?,Shad Suk Mynsiem,Behdeinkhlam,Wangala,Nongkrem,Wangala,NewDataTxt
GK,Meghalaya,Standard MCQ,The Garo Hills are located in which part of Meghalaya?,Eastern,Western,Northern,Southern,Western,NewDataTxt
GK,General,Standard MCQ,Nohkalikai Falls is located near:,Shillong,Jowai,Cherrapunji (sohra),Tura,Cherrapunji (sohra),NewDataTxt
GK,General,Standard MCQ,The living root bridges are found in:,Assam,Arunachal Pradesh,Nagaland,Meghalaya,Meghalaya,NewDataTxt
GK,Meghalaya,Standard MCQ,How many members are there in the Meghalaya Legislative Assembly?,40,60,90,126,60,NewDataTxt
GK,Meghalaya,Standard MCQ,"The official language of Meghalaya includes Khasi, Garo and:",Assamese,Bengali,English,Hindi,English,NewDataTxt
GK,General,Standard MCQ,'shad suk Mynsiem' is a festival of which tribe?,Garo,Khasi,Jaintia,Hajong,Khasi,NewDataTxt
GK,Meghalaya,Standard MCQ,Who is the current Governor of Meghalaya?,Ganga Prasad,Phagu Chauhan,C.H. Vijayashankar,Satyapal Malik,C.H. Vijayashankar,NewDataTxt
GK,Geography,Standard MCQ,Umiam Lake is also known as:,Ward's Lake,Barapani,Thadlaskein Lake,Bir Lake,Barapani,NewDataTxt
GK,Meghalaya,Standard MCQ,Which District Council is not in Meghalaya?,KHADC,JHADC,GHADC,KAADC,KAADC,NewDataTxt
GK,Meghalaya,Standard MCQ,The first newspaper in Khasi language was:,U Nongkit Khubor,U Lershai,U Nongsain Hima,Ka Jingshai Mynstep,U Lershai,NewDataTxt
GK,General,Standard MCQ,Which city is called the 'scotland of the East'?,Tura,Shillong,Jowai,Nongstoin,Shillong,NewDataTxt
GK,Polity,Standard MCQ,Who is the current President of India?,Ram Nath Kovind,Pranab Mukherjee,Droupadi Murmu,Jagdeep Dhankhar,Droupadi Murmu,NewDataTxt
GK,General,Standard MCQ,Chandrayaan-3 landed on which part of the moon?,North Pole,Equator,South Pole,Far Side,South Pole,NewDataTxt
GK,Meghalaya,Standard MCQ,Who is the current chief minister of Meghalaya?,Mukul Sangma,Conrad Sangma,James Sangma,Donkupar Roy,Conrad Sangma,NewDataTxt
GK,Polity,Standard MCQ,The right to constitutional remedies is provided under Article:,Article 14,Article 19,Article 21,Article 32,Article 32,NewDataTxt
GK,Polity,Standard MCQ,How many fundamental duties are there in the Indian Constitution?,10,11,12,9,11,NewDataTxt
GK,Polity,Standard MCQ,The Lok sabha can have a maximum of how many members?,545,550,552,250,552,NewDataTxt
GK,Geography,Standard MCQ,The Directive Principles of State Policy are contained in Part:,Part III,Part IV,Part IVA,Part V,Part IV,NewDataTxt
GK,Polity,Standard MCQ,Who has the power to remove the President from office?,Parliament,Supreme Court,Prime Minister,Election Commission,Parliament,NewDataTxt
GK,Polity,Standard MCQ,The quorum to constitute a meeting of Lok Sabha is:,1/5th of total members,1/10th of total members,1/8th of total members,1/4th of total members,1/10th of total members,NewDataTxt
GK,Polity,Standard MCQ,Which article abolishes untouchability?,Article 14,Article 15,Article 16,Article 17,Article 17,NewDataTxt
GK,Polity,Standard MCQ,Money Bill can be introduced only in:,Rajya Sabha,Lok Sabha,Joint Session,President's Office,Lok Sabha,NewDataTxt
GK,Polity,Standard MCQ,The maximum number of nominated members in Rajya Sabha is:,2,10,12,15,12,NewDataTxt
GK,Polity,Standard MCQ,Right to Education is provided under Article:,Article 19,Article 21,Article 21A,Article 45,Article 21A,NewDataTxt
GK,Polity,Standard MCQ,Who acts as the chairman of the Rajya Sabha?,President,Vice President,Prime Minister,Speaker,Vice President,NewDataTxt
GK,Polity,Standard MCQ,Anti-Defection Law is contained in which schedule?,8th schedule,9th schedule,10th schedule,11th schedule,10th schedule,NewDataTxt
GK,Polity,Standard MCQ,How many times can the President address the Parliament in a year?,Once,Twice,Thrice,Any number of times,Any number of times,NewDataTxt
GK,Polity,Standard MCQ,The right to property is now a:,Fundamental right,Legal right,Moral right,Natural right,Legal right,NewDataTxt
GK,Polity,Standard MCQ,The maximum age to contest for President is:,65 years,70 years,75 years,No upper age limit,No upper age limit,NewDataTxt
GK,Polity,Standard MCQ,Who administers the oath of office to the Governor?,President,Chief Justice of High Court,Chief Justice of India,Chief Minister,Chief Justice of High Court,NewDataTxt
GK,Polity,Standard MCQ,Which Amendment Act is known as the mini Constitution?,42nd Amendment,44th Amendment,86th Amendment,73rd Amendment,42nd Amendment,NewDataTxt
GK,Polity,Standard MCQ,The Emergency provisions are borrowed from:,USA,Germany,USSR,Australia,Germany,NewDataTxt
GK,General,Standard MCQ,How many types of emergencies are there?,2,3,4,5,3,NewDataTxt
GK,General,Standard MCQ,The Controller and Auditor General of India holds office for:,5 years or 65 years of age,6 years or 65 years of age,6 years or 62 years of age,5 years or 62 years of age,6 years or 65 years of age,NewDataTxt
GK,History,Standard MCQ,Who founded the Mauryan Empire?,Ashoka,Chandragupta Maurya,Bindusara,Harsha,Chandragupta Maurya,NewDataTxt
GK,History,Standard MCQ,The ancient university of Nalanda was located in:,Bengal,Bihar,Uttar Pradesh,Odisha,Bihar,NewDataTxt
GK,General,Standard MCQ,Who was the founder of Mughal Empire in India?,Akbar,Babur,Humayun,Sher Shah Suri,Babur,NewDataTxt
GK,History,Standard MCQ,The Battle of Panipat (First) was fought in:,1526,1556,1761,1757,1526,NewDataTxt
GK,General,Standard MCQ,Who built the Taj Mahal?,Akbar,Shah Jahan,Jahangir,Aurangzeb,Shah Jahan,NewDataTxt
GK,General,Standard MCQ,The Vedic Age is associated with:,Harappans,Aryans,Dravidians,Kushanas,Aryans,NewDataTxt
GK,General,Standard MCQ,Who was the first woman ruler of India?,Razia Sultan,Chand Bibi,Rani Lakshmibai,Nur Jahan,Razia Sultan,NewDataTxt
GK,History,Standard MCQ,The Non-cooperation Movement was launched in:,1915,1920,1930,1942,1920,NewDataTxt
GK,History,Standard MCQ,Who was the last Mughal Emperor?,Bahadur Shah Zafar,Aurangzeb,Shah Alam II,Bahadur Shah I,Bahadur Shah Zafar,NewDataTxt
GK,History,Standard MCQ,Bengal was partitioned in:,1905,1911,1919,1935,1905,NewDataTxt
GK,General,Standard MCQ,The Simon Commission came to India in:,1928,1927,1930,1942,1928,NewDataTxt
GK,History,Standard MCQ,Who founded the Indian National Congress?,A.O. Hume,W.C. Bonnerjee,Dadabhai Naoroji,Bal Gangadhar Tilak,A.O. Hume,NewDataTxt
GK,General,Standard MCQ,The Cripps Mission came to India in:,1942,1940,1945,1946,1942,NewDataTxt
GK,Science,Standard MCQ,"Who gave the slogan ""Give me blood and I will give you freedom""?",Subhash Chandra Bose,Bhagat Singh,Mahatma Gandhi,Jawaharlal Nehru,Subhash Chandra Bose,NewDataTxt
GK,General,Standard MCQ,The Dandi March was associated with:,Non-Cooperation Movement,Civil Disobedience Movement,Quit India Movement,Khilafat Movement,Civil Disobedience Movement,NewDataTxt
GK,General,Standard MCQ,Mahatma Gandhi returned to India from South Africa in:,1915,1914,1916,1918,1915,NewDataTxt
GK,General,Standard MCQ,"Who was known as the ""Nightingale of India""?",Sarojini Naidu,Lata Mangeshkar,Indira Gandhi,Annie Besant,Sarojini Naidu,NewDataTxt
GK,General,Standard MCQ,The Rowlatt Act was passed in:,1919,1920,1917,1915,1919,NewDataTxt
GK,History,Standard MCQ,Who was the Viceroy of India during the Quit India Movement?,Lord Linlithgow,Lord Mountbatten,Lord Wavell,Lord Irwin,Lord Linlithgow,NewDataTxt
GK,General,Standard MCQ,The Indian Independence Act was passed in:,1947,1946,1945,1950,1947,NewDataTxt
GK,Geography,Standard MCQ,Which is India's longest river?,Ganga,Godavari,Brahmaputra,Indus,Ganga,NewDataTxt
GK,General,Standard MCQ,Duncan Passage separates:,South Andaman and Little Andaman,North Andaman and South Andaman,Andaman and Nicobar,Lakshadweep and Maldives,South Andaman and Little Andaman,NewDataTxt
GK,Geography,Standard MCQ,Which river is known as 'Dakshina Ganga'?,Godavari,Krishna,Cauvery,Mahanadi,Godavari,NewDataTxt
GK,Geography,Standard MCQ,Chilika Lake is located in:,Odisha,Andhra Pradesh,West Bengal,Tamil Nadu,Odisha,NewDataTxt
GK,General,Standard MCQ,The Tropic of Cancer does not pass through:,Rajasthan,Gujarat,Tripura,Punjab,Punjab,NewDataTxt
GK,General,Standard MCQ,Which pass connects Srinagar with Leh?,Zoji La,Shipki La,Nathu La,Jelep La,Zoji La,NewDataTxt
GK,Geography,Standard MCQ,Loktak lake is in:,Manipur,Mizoram,Meghalaya,Assam,Manipur,NewDataTxt
GK,General,Standard MCQ,Which is the southernmost point of India?,Indira Point,Kanyakumari,Indira Col,Point Calimere,Indira Point,NewDataTxt
GK,General,Standard MCQ,The Western Ghats are also known as:,Sahyadri,Himadri,Shivalik,Purvanchal,Sahyadri,NewDataTxt
GK,Geography,Standard MCQ,Nanda Devi peak is located in:,Uttarakhand,Himachal Pradesh,Sikkim,Jammu and Kashmir,Uttarakhand,NewDataTxt
GK,Geography,Standard MCQ,Which state is the largest producer of spices?,Kerala,Karnataka,Andhra Pradesh,Tamil Nadu,Kerala,NewDataTxt
GK,Geography,Standard MCQ,Silent Valley is located in:,Kerala,Karnataka,Tamil Nadu,Uttarakhand,Kerala,NewDataTxt
GK,General,Standard MCQ,The Sundarbans mangrove forest is located in:,West Bengal,Odisha,Bangladesh,Assam,West Bengal,NewDataTxt
GK,General,Standard MCQ,Which is India's first national park?,Corbett,Kaziranga,Gir,Kanha,Corbett,NewDataTxt
GK,Geography,Standard MCQ,Jog Falls is located on which river?,Sharavathi,Narmada,Krishna,Kaveri,Sharavathi,NewDataTxt
GK,General,Standard MCQ,"Which city is known as the ""Pink City""?",Jaipur,Udaipur,Jodhpur,Jaisalmer,Jaipur,NewDataTxt
GK,General,Standard MCQ,The Palk Strait lies between:,India and Sri Lanka,India and Maldives,India and Myanmar,India and Indonesia,India and Sri Lanka,NewDataTxt
GK,Geography,Standard MCQ,Which state has the maximum forest cover?,Madhya Pradesh,Arunachal Pradesh,Chhattisgarh,Mizoram,Madhya Pradesh,NewDataTxt
GK,General,Standard MCQ,The Deccan Plateau is primarily made of:,Basalt rocks,Granite rocks,Limestone rocks,Sandstone rocks,Basalt rocks,NewDataTxt
GK,General,Standard MCQ,Inflation is measured by which index?,WPI & CPI,GDP Deflator,IIP,Sensex,WPI & CPI,NewDataTxt
GK,General,Standard MCQ,The headquarters of RBI is in:,New Delhi,Mumbai,Kolkata,Chennai,Mumbai,NewDataTxt
GK,Science,Standard MCQ,Which vitamin deficiency causes Night Blindness?,Vitamin A,Vitamin B,Vitamin C,Vitamin D,Vitamin A,NewDataTxt
GK,General,Standard MCQ,The ozone layer protects us from:,Infrared rays,Ultraviolet rays,X-rays,Gamma rays,Ultraviolet rays,NewDataTxt
GK,General,Standard MCQ,The atomic number of hydrogen is:,1,2,3,4,1,NewDataTxt
GK,Meghalaya,Standard MCQ,Meghalaya means:,Abode of clouds,Land of hills,Forest state,Land of rivers,Abode of clouds,NewDataTxt
GK,Meghalaya,Standard MCQ,How many districts are there in Meghalaya?,11,12,13,10,12,NewDataTxt
GK,Meghalaya,Standard MCQ,The capital of Garo Hills is:,Tura,Shillong,Jowai,Williamnagar,Tura,NewDataTxt
GK,General,Standard MCQ,Cherrapunji is also known as:,Sohra,Mawsynram,Jowai,Nongstoin,Sohra,NewDataTxt
GK,Meghalaya,Standard MCQ,The state flower of Meghalaya is:,Lady slipper orchid,Rhododendron,Lotus,Foxtail Orchid,Lady slipper orchid,NewDataTxt
GK,General,Standard MCQ,Which tribe celebrates the Behdeinkhlam festival?,Khasi,Garo,Jaintia,Rabha,Jaintia,NewDataTxt
GK,Meghalaya,Standard MCQ,The state animal of Meghalaya is:,Snow leopard,Clouded leopard,Red panda,Asian Elephant,Clouded leopard,NewDataTxt
GK,General,Standard MCQ,Green revolution in India was started during:,1950s,1960s,1970s,1980s,1960s,NewDataTxt
GK,Science,Standard MCQ,The study of earthquakes is called:,Seismology,Meteorology,Volcanology,Geology,Seismology,NewDataTxt
GK,Science,Standard MCQ,Photosynthesis takes place in:,Leaves,Stems,Roots,Flowers,Leaves,NewDataTxt
GK,Science,Standard MCQ,Blood pressure is measured by:,Sphygmomanometer,Barometer,Thermometer,Lactometer,Sphygmomanometer,NewDataTxt
GK,Science,Standard MCQ,The largest gland in human body is:,Thyroid,Pancreas,Liver,Adrenal,Liver,NewDataTxt
GK,General,Standard MCQ,Malaria is caused by:,Bacteria,Virus,Protozoa,Fungi,Protozoa,NewDataTxt
GK,General,Standard MCQ,"The cleanest village in Asia, Mawlynnong, is in which district?",East Khasi Hills,West Khasi Hills,West Jaintia Hills,Ri-Bhoi,East Khasi Hills,NewDataTxt
GK,General,Standard MCQ,The Harappan civilization belonged to:,Iron Age,Bronze Age,Stone Age,Copper Age,Bronze Age,NewDataTxt
GK,General,Standard MCQ,The main source of information about Ashoka is:,Coins,Edicts,Secular literature,Foreign accounts,Edicts,NewDataTxt
GK,History,Standard MCQ,Buddhism was founded in:,5th Century BC,6th Century BC,4th Century BC,3rd Century BC,6th Century BC,NewDataTxt
GK,General,Standard MCQ,The Gupta period is known as:,Golden age,Dark age,Transition age,Bronze age,Golden age,NewDataTxt
GK,General,Standard MCQ,The Upanishads are:,Philosophical texts,Religious rituals,Legal codes,Epic stories,Philosophical texts,NewDataTxt
GK,General,Standard MCQ,Mahavira was the founder of:,Buddhism,Jainism,Sikhism,Hinduism,Jainism,NewDataTxt
GK,Geography,Standard MCQ,The capital of the Mauryan Empire was:,Taxila,Ujjain,Pataliputra,Vaishali,Pataliputra,NewDataTxt
GK,General,Standard MCQ,Who wrote Arthashastra?,Kautilya (Chanakya),Megasthenes,Kalidasa,Banabhatta,Kautilya (Chanakya),NewDataTxt
GK,General,Standard MCQ,The Mahabharata was written by:,Valmiki,Vyasa,Kalidasa,Tulsidas,Vyasa,NewDataTxt
GK,General,Standard MCQ,The Ramayana was written by:,Valmiki,Vyasa,Tulsidas,Kalidasa,Valmiki,NewDataTxt
GK,History,Standard MCQ,Ashoka belonged to which dynasty:,Gupta,Maurya,Kushan,Nanda,Maurya,NewDataTxt
GK,General,Standard MCQ,The Sangam Age is related to:,North India,South India,East India,West India,South India,NewDataTxt
GK,General,Standard MCQ,Chandragupta II was also known as:,Vikramaditya,Shakari,Napoleon of India,Priyadarshi,Vikramaditya,NewDataTxt
GK,General,Standard MCQ,The Ellora Caves are located in:,Maharashtra,Madhya Pradesh,Karnataka,Gujarat,Maharashtra,NewDataTxt
GK,General,Standard MCQ,Iron Pillar of Delhi was built during:,Mauryan period,Gupta period,Kushan period,Delhi Sultanate,Gupta period,NewDataTxt
GK,History,Standard MCQ,The battle between Alexander and Porus was fought at:,Hydaspes (Jhelum),Tarain,Panipat,Kalinga,Hydaspes (Jhelum),NewDataTxt
GK,General,Standard MCQ,Nalanda University was famous for:,Vedic studies,Buddhist learning,Jain philosophy,Military science,Buddhist learning,NewDataTxt
GK,General,Standard MCQ,The Rig Veda is:,Oldest Veda,Book of music,Book of rituals,Latest Veda,Oldest Veda,NewDataTxt
GK,General,Standard MCQ,The Sun Temple at Konark was built by:,Rajaraja Chola,Narsimha Deva I,Krishnadevaraya,Kharavela,Narsimha Deva I,NewDataTxt
GK,History,Standard MCQ,The Chola dynasty ruled over:,North India,South India,East India,West India,South India,NewDataTxt
GK,History,Standard MCQ,Who built the Brihadeswarar Temple?,Raja Raja Chola,Rajendra Chola,Parantaka I,Gandaraditya,Raja Raja Chola,NewDataTxt
GK,General,Standard MCQ,Aryabhata was a famous:,Physician,Grammarian,Mathematician and Astronomer,Poet,Mathematician and Astronomer,NewDataTxt
GK,History,Standard MCQ,The Kushan Empire was founded by:,Kanishka,Kujula Kadphises,Vima Kadphises,Vasudeva I,Kujula Kadphises,NewDataTxt
GK,History,Standard MCQ,The Delhi Sultanate was established in:,1206,1192,1526,1290,1206,NewDataTxt
GK,General,Standard MCQ,Qutub Minar was built by:,Iltutmish,Qutub-ud-din Aibak,Alauddin Khalji,Firoz Shah Tughlaq,Qutub-ud-din Aibak,NewDataTxt
GK,Polity,Standard MCQ,Akbar's court had nine jewels called:,Navaratnas,Ashtapradhan,Ashtadiggajas,Nine Gems,Navaratnas,NewDataTxt
GK,Polity,Standard MCQ,Tansen was a musician in the court of:,Akbar,Babur,Shah Jahan,Humayun,Akbar,NewDataTxt
GK,History,Standard MCQ,The Bhakti movement emphasized:,Devotion to God,Rituals and sacrifices,Idol worship,Asceticism,Devotion to God,NewDataTxt
GK,History,Standard MCQ,Guru Nanak founded:,Sikhism,Buddhism,Jainism,Kabir Panth,Sikhism,NewDataTxt
GK,History,Standard MCQ,Shivaji established the:,Maratha Empire,Mughal Empire,Rajput Empire,Vijayanagara Empire,Maratha Empire,NewDataTxt
GK,General,Standard MCQ,Red Fort was built by:,Akbar,Shah Jahan,Sher Shah Suri,Aurangzeb,Shah Jahan,NewDataTxt
GK,General,Standard MCQ,Aurangzeb's real name was:,Muhi-al-Din,Khurram,Salim,Dara Shikoh,Muhi-al-Din,NewDataTxt
GK,General,Standard MCQ,"Who was known as the ""Grand Old Man of India""?",Bal Gangadhar Tilak,Dadabhai Naoroji,Gopal Krishna Gokhale,W.C. Bonnerjee,Dadabhai Naoroji,NewDataTxt
GK,History,Standard MCQ,The Mughal emperor known for justice was:,Akbar,Jahangir,Shah Jahan,Aurangzeb,Jahangir,NewDataTxt
GK,General,Standard MCQ,The Sikh scripture is called:,Guru Granth Sahib,Adi Granth,Dasam Granth,Janamsakhis,Guru Granth Sahib,NewDataTxt
GK,History,Standard MCQ,The last Mughal Emperor was:,Bahadur Shah Zafar,Shah Alam II,Bahadur Shah I,Farrukhsiyar,Bahadur Shah Zafar,NewDataTxt
GK,History,Standard MCQ,The East India Company was established in:,1600,1602,1612,1664,1600,NewDataTxt
GK,History,Standard MCQ,The Indian National Congress was founded in:,1885,1857,1905,1915,1885,NewDataTxt
GK,General,Standard MCQ,The Salt March was led by:,Mahatma Gandhi,Jawaharlal Nehru,Sardar Patel,Subhash Chandra Bose,Mahatma Gandhi,NewDataTxt
GK,Geography,Standard MCQ,The largest ocean in the world is:,Atlantic,Indian,Pacific,Arctic,Pacific,NewDataTxt
GK,General,Standard MCQ,The highest waterfall in the world is:,Angel Falls,Niagara Falls,Victoria Falls,Jog Falls,Angel Falls,NewDataTxt
GK,Geography,Standard MCQ,The longest mountain range in the world is:,Andes,Himalayas,Rockies,Alps,Andes,NewDataTxt
GK,Geography,Standard MCQ,The largest desert in the world is:,Antarctic (Polar desert),Sahara,Gobi,Arabian,Antarctic (Polar desert),NewDataTxt
GK,Geography,Standard MCQ,The largest hot desert in the world is:,Sahara,Gobi,Kalahari,Thar,Sahara,NewDataTxt
GK,General,Standard MCQ,The Panama Canal connects:,Atlantic and Pacific,Red Sea and Mediterranean,Indian and Pacific,North Sea and Baltic,Atlantic and Pacific,NewDataTxt
GK,General,Standard MCQ,The Suez Canal connects:,Red sea and Mediterranean,Persian Gulf and Arabian Sea,Atlantic and Pacific,Black Sea and Aegean Sea,Red sea and Mediterranean,NewDataTxt
GK,General,Standard MCQ,The Great Barrier Reef is located in:,Australia,Indonesia,Philippines,USA,Australia,NewDataTxt
GK,General,Standard MCQ,Mount Kilimanjaro is in:,Kenya,Tanzania,South Africa,Uganda,Tanzania,NewDataTxt
GK,General,Standard MCQ,The Amazon rainforest is mainly in:,Peru,Colombia,Brazil,Bolivia,Brazil,NewDataTxt
GK,General,Standard MCQ,The Dead sea is located between:,Egypt and Israel,Jordan and Saudi Arabia,Israel and Jordan,Lebanon and Syria,Israel and Jordan,NewDataTxt
GK,General,Standard MCQ,The Equator passes through how many continents?,2,"3 (Africa, South America, Asia)",4,5,"3 (Africa, South America, Asia)",NewDataTxt
GK,Geography,Standard MCQ,The world's largest island is:,Greenland,Madagascar,New Guinea,Borneo,Greenland,NewDataTxt
GK,Geography,Standard MCQ,The Sahara Desert is located in:,Asia,Africa,South America,Australia,Africa,NewDataTxt
GK,General,Standard MCQ,The Great Wall of China is approximately:,10000 km long,15000 km long,21000 km long,5000 km long,21000 km long,NewDataTxt
GK,General,Standard MCQ,Which country has the most time zones?,Russia,USA,France,Canada,France,NewDataTxt
GK,Polity,Standard MCQ,Newton's First Law is also called:,Law of Gravity,Law of Inertia,Law of Action-Reaction,Law of Momentum,Law of Inertia,NewDataTxt
GK,Science,Standard MCQ,The SI unit of force is:,Joule,Watt,Newton,Pascal,Newton,NewDataTxt
GK,Science,Standard MCQ,The SI unit of energy is:,Watt,Joule,Newton,Calorie,Joule,NewDataTxt
GK,Science,Standard MCQ,The SI unit of power is:,Joule,Newton,Watt,Volt,Watt,NewDataTxt
GK,General,Standard MCQ,The speed of light is approximately:,$3 \times 10^5\text{ m/s}$,$3 \times 10^6\text{ m/s}$,$3 \times 10^8\text{ m/s}$,$3 \times 10^{10}\text{ m/s}$,$3 \times 10^8\text{ m/s}$,NewDataTxt
GK,General,Standard MCQ,The atomic number represents:,Number of neutrons,Number of protons,Sum of protons and neutrons,Number of electrons,Number of protons,NewDataTxt
GK,General,Standard MCQ,The pH of pure water is:,5,6,7,8,7,NewDataTxt
GK,Science,Standard MCQ,The most abundant gas in Earth's atmosphere is:,Oxygen,Carbon Dioxide,Nitrogen,Argon,Nitrogen,NewDataTxt
GK,Science,Standard MCQ,Photosynthesis requires:,Oxygen,Carbon dioxide,Nitrogen,Hydrogen,Carbon dioxide,NewDataTxt
GK,General,Standard MCQ,The process by which plants lose water is:,Respiration,Photosynthesis,Transpiration,Absorption,Transpiration,NewDataTxt
GK,Science,Standard MCQ,Blood groups were discovered by:,William Harvey,Karl Landsteiner,Robert Hooke,Louis Pasteur,Karl Landsteiner,NewDataTxt
GK,General,Standard MCQ,Penicillin was discovered by:,Louis Pasteur,Alexander Fleming,Edward Jenner,Robert Koch,Alexander Fleming,NewDataTxt
GK,General,Standard MCQ,The normal body temperature of a human is:,$35^\circ\text{C}$,$37^\circ\text{C}$,$39^\circ\text{C}$,$40^\circ\text{C}$,$37^\circ\text{C}$,NewDataTxt
GK,General,Standard MCQ,Insulin is produced in:,Liver,Thyroid,Pancreas,Kidney,Pancreas,NewDataTxt
GK,Science,Standard MCQ,The disease caused by deficiency of Vitamin D is:,Scurvy,Beriberi,Rickets,Night Blindness,Rickets,NewDataTxt
GK,Science,Standard MCQ,The disease caused by deficiency of Vitamin C is:,Rickets,Scurvy,Beriberi,Goitre,Scurvy,NewDataTxt
GK,General,Standard MCQ,DNA stands for:,Ribonucleic Acid,Deoxyribonucleic Acid,Deoxyribonucleic Atom,Dinucleic Acid,Deoxyribonucleic Acid,NewDataTxt
GK,Science,Standard MCQ,The smallest bone in human body is:,Femur,Stapes (in ear),Humerus,Clavicle,Stapes (in ear),NewDataTxt
GK,Science,Standard MCQ,The largest bone in human body is:,Femur,Stapes,Tibia,Skull bone,Femur,NewDataTxt
GK,General,Standard MCQ,Glucose is a type of:,Protein,Fat,Carbohydrate,Vitamin,Carbohydrate,NewDataTxt
GK,General,Standard MCQ,Hemoglobin contains:,Calcium,Iron,Magnesium,Copper,Iron,NewDataTxt
GK,Science,Standard MCQ,The study of fungi is called:,Phycology,Mycology,Virology,Bacteriology,Mycology,NewDataTxt
GK,Science,Standard MCQ,The study of viruses is called:,Mycology,Virology,Phycology,Zoology,Virology,NewDataTxt
GK,Science,Standard MCQ,White blood cells are also called:,Erythrocytes,Leucocytes,Thrombocytes,Plasma,Leucocytes,NewDataTxt
GK,Science,Standard MCQ,Red blood cells are also called:,Erythrocytes,Leucocytes,Thrombocytes,Lymphocytes,Erythrocytes,NewDataTxt
GK,Science,Standard MCQ,The respiratory organ in fish is called:,Lungs,Gills,Skin,Trachea,Gills,NewDataTxt
GK,General,Standard MCQ,Chlorophyll gives plants their:,Red colour,Yellow colour,Green colour,Blue colour,Green colour,NewDataTxt
GK,Geography,Standard MCQ,The largest planet in our solar system is:,Saturn,Earth,Jupiter,Neptune,Jupiter,NewDataTxt
GK,Geography,Standard MCQ,The hottest planet is:,Mercury,Venus,Mars,Jupiter,Venus,NewDataTxt
GK,Polity,Standard MCQ,The concept of Fundamental Rights is borrowed from:,UK,USA,USSR,Ireland,USA,NewDataTxt
GK,Polity,Standard MCQ,The concept of parliamentary system is borrowed from:,USA,UK,Canada,Australia,UK,NewDataTxt
GK,General,Standard MCQ,GST was implemented in India in:,2014,2016,2017,2019,2017,NewDataTxt
GK,General,Standard MCQ,The headquarter of IMF is in:,New York,Geneva,Washington DC,Paris,Washington DC,NewDataTxt
GK,General,Standard MCQ,The headquarter of world bank is in:,London,Washington DC,Geneva,New York,Washington DC,NewDataTxt
GK,General,Standard MCQ,UNESCO headquarters is in:,Geneva,New York,Paris,Rome,Paris,NewDataTxt
GK,General,Standard MCQ,UNICEF works for:,Women,Children,Refugees,Elderly,Children,NewDataTxt
GK,General,Standard MCQ,WHO stands for:,World Health Organization,World Housing Organization,World Human Organization,World Trade Organization,World Health Organization,NewDataTxt
GK,Sports,Standard MCQ,The Olympic games are held every:,2 years,3 years,4 years,5 years,4 years,NewDataTxt
GK,Sports,Standard MCQ,Cricket world cup is held every:,2 years,4 years,5 years,3 years,4 years,NewDataTxt
GK,General,Standard MCQ,The currency of China is:,Yen,Yuan,Won,Baht,Yuan,NewDataTxt
GK,General,Standard MCQ,The currency of UK is:,Dollar,Euro,Pound,Yen,Pound,NewDataTxt
GK,History,Standard MCQ,The Nobel Prize is awarded in how many categories:,4,5,6,7,6,NewDataTxt
GK,History,Standard MCQ,The highest civilian award in India is:,Padma Vibhushan,Bharat Ratna,Param Vir Chakra,National Award,Bharat Ratna,NewDataTxt
GK,History,Standard MCQ,The Param Vir Chakra is awarded for:,Sports Excellence,Civil Service,Military Bravery,Scientific Achievement,Military Bravery,NewDataTxt
GK,History,Standard MCQ,The Arjuna awards is for excellence in:,Literature,Sports,Science,Social Work,Sports,NewDataTxt
GK,Geography,Standard MCQ,The capital of Australia is:,Sydney,Melbourne,Canberra,Brisbane,Canberra,NewDataTxt
GK,Geography,Standard MCQ,The capital of Canada is:,Toronto,Vancouver,Ottawa,Montreal,Ottawa,NewDataTxt
GK,Geography,Standard MCQ,The capital of Brazil is:,Rio de Janeiro,São Paulo,Brasilia,Buenos Aires,Brasilia,NewDataTxt
GK,Geography,Standard MCQ,The Capital of south Africa is:,Johannesburg,Pretoria,Cape Town,Durban,Cape Town,NewDataTxt
GK,General,Standard MCQ,The smallest country in the world is:,Monaco,Vatican City,Nauru,San Marino,Vatican City,NewDataTxt
GK,General,Standard MCQ,The largest country by area is:,Canada,China,USA,Russia,Russia,NewDataTxt
GK,General,Standard MCQ,The most populous country is:,China,India,USA,Indonesia,India,NewDataTxt
GK,General,Standard MCQ,The Statue of Liberty is in:,Washington D.C.,New York,Paris,London,New York,NewDataTxt
GK,General,Standard MCQ,The Eiffel Tower is in:,London,Berlin,Paris,Rome,Paris,NewDataTxt
GK,General,Standard MCQ,The Pyramids are in:,Greece,Italy,Mexico,Egypt,Egypt,NewDataTxt
GK,General,Standard MCQ,Big Ben is in:,Paris,London,New York,Rome,London,NewDataTxt
GK,General,Standard MCQ,The Colosseum is in:,Rome,Paris,Athens,London,Rome,NewDataTxt
GK,General,Standard MCQ,Machu Picchu is in:,Peru,Mexico,Brazil,Bolivia,Peru,NewDataTxt
GK,General,Standard MCQ,Petra is in:,Egypt,Jordan,Turkey,Greece,Jordan,NewDataTxt
GK,General,Standard MCQ,The Christ Redeemer is in:,Brazil,Argentina,Mexico,Spain,Brazil,NewDataTxt
GK,General,Standard MCQ,The leaning Tower is in:,Rome,Pisa,Venice,Florence,Pisa,NewDataTxt
GK,Geography,Standard MCQ,The Amazon river is in:,North America,South America,Africa,Asia,South America,NewDataTxt
GK,Geography,Standard MCQ,The Nile river is in:,South America,Africa,Asia,Europe,Africa,NewDataTxt
GK,General,Standard MCQ,Antarctica is governed by:,United Nations,Antarctic Treaty,USA,No governing body,Antarctic Treaty,NewDataTxt
GK,General,Standard MCQ,Greenland belongs to:,Canada,Denmark,Norway,Iceland,Denmark,NewDataTxt
GK,General,Standard MCQ,The Bermuda Triangle is in:,Pacific ocean,Atlantic Ocean,Indian Ocean,Arctic Ocean,Atlantic Ocean,NewDataTxt
GK,History,Standard MCQ,The United Nations was founded in:,1945,1919,1950,1947,1945,NewDataTxt
GK,Science,Standard MCQ,The study of weather is:,Meteorology,Climatology,Geology,Astrology,Meteorology,NewDataTxt
GK,General,Standard MCQ,Acid rain is caused by:,Water pollution,Air pollution,Soil pollution,Noise pollution,Air pollution,NewDataTxt
GK,General,Standard MCQ,Deforestation leads to:,More rainfall,Less rainfall,Soil enrichment,Increased oxygen levels,Less rainfall,NewDataTxt
GK,General,Standard MCQ,WWF stands for:,World Wildlife Fund,World Water Forum,World Welfare Federation,World Wide Forest,World Wildlife Fund,NewDataTxt
GK,General,Standard MCQ,Earth Day is celebrated on:,22 April,5 June,21 March,16 September,22 April,NewDataTxt
GK,General,Standard MCQ,CFC damages:,Ozone layer,Biosphere,Hydrosphere,Lithosphere,Ozone layer,NewDataTxt
GK,General,Standard MCQ,Smog is a combination of:,Smoke and fog,Smoke and dust,Fog and rain,Dust and water vapor,Smoke and fog,NewDataTxt
GK,General,Standard MCQ,Red Data Book contains information about:,Endangered species,Extinct species only,Red Sea biodiversity,Soil erosion data,Endangered species,NewDataTxt
GK,General,Standard MCQ,Project Tiger was launched in:,1973,1972,1980,1992,1973,NewDataTxt
GK,General,Standard MCQ,National pollution control Day is on:,2nd December,5th June,16th September,22nd April,2nd December,NewDataTxt
GK,History,Standard MCQ,Chipko Movement was related to:,Water conservation,Forest Conservation,Soil preservation,Wildlife Protection,Forest Conservation,NewDataTxt
GK,General,Standard MCQ,Van Mahotsav is related to:,Tree planting,Forest harvesting,Wildlife tourism,Agricultural harvest,Tree planting,NewDataTxt
GK,General,Standard MCQ,Wildlife protection Act was passed in:,1972,1980,1986,1991,1972,NewDataTxt
GK,Polity,Standard MCQ,Father of Indian Constitution:,B.R. Ambedkar,Mahatma Gandhi,Jawaharlal Nehru,Rajendra Prasad,B.R. Ambedkar,NewDataTxt
GK,General,Standard MCQ,National song of India:,Jana Gana Mana,Vande Mataram,Sare Jahan Se Achha,Ae Mere Watan Ke Logon,Vande Mataram,NewDataTxt
GK,General,Standard MCQ,ISRO headquarters is in:,New Delhi,Bangalore,Mumbai,Chennai,Bangalore,NewDataTxt
GK,General,Standard MCQ,India's first satellite was:,Aryabhata,Bhaskara,Rohini,INSAT-1A,Aryabhata,NewDataTxt
GK,General,Standard MCQ,Metro Man of India is:,E. Sreedharan,M. Visvesvaraya,Verghese Kurien,C.R. Rao,E. Sreedharan,NewDataTxt
GK,General,Standard MCQ,Digital India was launched in:,2015,2014,2016,2019,2015,NewDataTxt
GK,General,Standard MCQ,Swachh Bharat Mission was launched in:,2014,2015,2019,2012,2014,NewDataTxt
GK,General,Standard MCQ,Make in India was launched in:,2014,2015,2016,2018,2014,NewDataTxt
GK,General,Standard MCQ,Skill India Mission was launched in:,2014,2015,2016,2018,2015,NewDataTxt
GK,General,Standard MCQ,The first Indian woman in space was:,Kalpana Chawla,Sunita Williams,Shawna Pandya,Tessy Thomas,Kalpana Chawla,NewDataTxt
GK,Geography,Standard MCQ,Largest state in India by area:,Madhya Pradesh,Maharashtra,Rajasthan,Uttar Pradesh,Rajasthan,NewDataTxt
GK,Geography,Standard MCQ,Smallest state in India by area:,Goa,Sikkim,Tripura,Mizoram,Goa,NewDataTxt
GK,History,Standard MCQ,Who invented the telephone?,Thomas Edison,Alexander Graham Bell,Nikola Tesla,Guglielmo Marconi,Alexander Graham Bell,NewDataTxt
GK,Science,Standard MCQ,Lightest gas is:,Helium,Hydrogen,Nitrogen,Oxygen,Hydrogen,NewDataTxt
GK,Geography,Standard MCQ,"Which animal is known as the ""ship of the Desert""?",Camel,Horse,Donkey,Yak,Camel,NewDataTxt
GK,General,Standard MCQ,Who discovered gravity?,Albert Einstein,Isaac Newton,Galileo Galilei,Nicolaus Copernicus,Isaac Newton,NewDataTxt
GK,Science,Standard MCQ,How many bones in human body?,204,206,208,210,206,NewDataTxt
GK,Geography,Standard MCQ,Capital of Japan:,Kyoto,Osaka,Tokyo,Hiroshima,Tokyo,NewDataTxt
GK,Geography,Standard MCQ,Highest mountain peak in the world:,K2,Kanchenjunga,Mount Everest,Lhotse,Mount Everest,NewDataTxt
GK,Geography,Standard MCQ,Capital of France:,Paris,Lyon,Marseille,Nice,Paris,NewDataTxt
GK,General,Standard MCQ,Smallest continent:,Europe,Antarctica,Australia,South America,Australia,NewDataTxt
GK,Geography,Standard MCQ,Capital of China:,Shanghai,Beijing,Guangzhou,Shenzhen,Beijing,NewDataTxt
GK,General,Standard MCQ,What is the boiling point of water?,$90^\circ\text{C}$,$100^\circ\text{C}$,$110^\circ\text{C}$,$120^\circ\text{C}$,$100^\circ\text{C}$,NewDataTxt
GK,General,Standard MCQ,Who wrote 'Discovery of India'?,Mahatma Gandhi,Jawaharlal Nehru,Rabindranath Tagore,Subhash Chandra Bose,Jawaharlal Nehru,NewDataTxt
GK,General,Standard MCQ,Who discovered the bulb?,Nikola Tesla,Thomas Alva Edison,Benjamin Franklin,Alexander Graham Bell,Thomas Alva Edison,NewDataTxt
GK,Meghalaya,Standard MCQ,Hardest natural substance:,Gold,Iron,Diamond,Platinum,Diamond,NewDataTxt
GK,General,Standard MCQ,Which country gifted Statue of Liberty to USA?,United Kingdom,France,Germany,Italy,France,NewDataTxt
GK,General,Standard MCQ,'Land of Rising sun' is:,Norway,Japan,Australia,Canada,Japan,NewDataTxt
GK,General,Standard MCQ,Largest animal on land:,Blue whale,Elephant,Giraffe,Hippopotamus,Elephant,NewDataTxt
GK,General,Standard MCQ,Largest mammal:,Blue whale,Elephant,Giraffe,Killer Whale,Blue whale,NewDataTxt
GK,Sports,Standard MCQ,How many players in a cricket team?,9,10,11,12,11,NewDataTxt
GK,Geography,Standard MCQ,Capital of Russia:,Saint Petersburg,Moscow,Novosibirsk,Vladivostok,Moscow,NewDataTxt
GK,General,Standard MCQ,Which festival is of lights?,Holi,Diwali,Dussehra,Eid,Diwali,NewDataTxt
GK,General,Standard MCQ,Which festival is of colours?,Diwali,Holi,Raksha Bandhan,Onam,Holi,NewDataTxt
GK,Polity,Standard MCQ,Constitution of India came into effect on:,1947,1950,1952,1949,1950,NewDataTxt
GK,General,Standard MCQ,Who is known as the 'Missile Man of India'?,Homi J. Bhabha,Vikram Sarabhai,APJ Abdul Kalam,Satish Dhawan,APJ Abdul Kalam,NewDataTxt
GK,General,Standard MCQ,Sun rises in the:,East,West,North,South,East,NewDataTxt
GK,General,Standard MCQ,Sun sets in the:,East,West,North,South,West,NewDataTxt
GK,Science,Standard MCQ,Which organ pumps blood?,Lungs,Heart,Liver,Kidneys,Heart,NewDataTxt
GK,General,Standard MCQ,Fastest animal on earth:,Lion,Cheetah,Leopard,Tiger,Cheetah,NewDataTxt
GK,General,Standard MCQ,Tallest animal:,Elephant,Giraffe,Ostrich,Camel,Giraffe,NewDataTxt
GK,History,Standard MCQ,King of Jungle is:,Tiger,Lion,Elephant,Cheetah,Lion,NewDataTxt
GK,General,Standard MCQ,Which bird lays largest egg?,Eagle,Ostrich,Peacock,Albatross,Ostrich,NewDataTxt
GK,General,Standard MCQ,Which part of plant is underground?,Stem,Root,Leaf,Flower,Root,NewDataTxt
GK,General,Standard MCQ,Gateway of India is in:,New Delhi,Mumbai,Kolkata,Chennai,Mumbai,NewDataTxt
GK,General,Standard MCQ,India Gate is in:,Mumbai,New Delhi,Kolkata,Hyderabad,New Delhi,NewDataTxt
GK,Geography,Standard MCQ,Capital of U.S.A:,New York,Washington D.C.,Los Angeles,Chicago,Washington D.C.,NewDataTxt
GK,Geography,Standard MCQ,Which planet has rings:,Mars,Saturn,Jupiter,Uranus,Saturn,NewDataTxt
GK,General,Standard MCQ,Largest democracy in the world:,USA,India,China,Brazil,India,NewDataTxt
GK,General,Standard MCQ,Smallest bird:,Sparrow,Humming Bird,Robin,Parrot,Humming Bird,NewDataTxt
GK,General,Standard MCQ,National Tree of India:,Neem Tree,Banyan Tree,Peepal Tree,Mango Tree,Banyan Tree,NewDataTxt
GK,General,Standard MCQ,Who designed Indian National Flag?,Rabindranath Tagore,Pingali Venkayya,Mahatma Gandhi,Bankim Chandra Chatterjee,Pingali Venkayya,NewDataTxt
GK,General,Standard MCQ,'Vande Mataram' is written by:,Rabindranath Tagore,Bankim Chandra Chatterjee,Sarojini Naidu,Subhash Chandra Bose,Bankim Chandra Chatterjee,NewDataTxt
GK,General,Standard MCQ,Golden Temple is in:,Amritsar,Ludhiana,Jalandhar,Chandigarh,Amritsar,NewDataTxt
GK,General,Standard MCQ,Charminar is in:,Bengaluru,Hyderabad,Chennai,Mysore,Hyderabad,NewDataTxt
GK,Meghalaya,Standard MCQ,Longest river in Meghalaya:,Simsang,Umngot,Myntdu,Kopili,Simsang,NewDataTxt
GK,General,Standard MCQ,Nokrek National park is famous for:,Tiger,Red panda,Elephant,One-horned Rhinoceros,Red panda,NewDataTxt
GK,Meghalaya,Standard MCQ,Which plateau is Meghalaya part of:,Deccan Plateau,Shillong plateau,Chota Nagpur Plateau,Malwa Plateau,Shillong plateau,NewDataTxt
GK,Meghalaya,Standard MCQ,Highest peak in Meghalaya:,Nokrek Peak,Shillong peak,Kyllang Rock,Jupgli Peak,Shillong peak,NewDataTxt
GK,General,Standard MCQ,"Which waterfall is also known as ""seven sister falls""?",Nohkalikai Falls,Nohsngithiang Falls,Kynrem Falls,Sweet Falls,Nohsngithiang Falls,NewDataTxt
GK,General,Standard MCQ,'Shad suk Mynsiem' is a:,Harvest Dance,War Dance,Rain Dance,Hunting Dance,Harvest Dance,NewDataTxt
GK,General,Standard MCQ,Balpakram National park is in:,East Khasi Hills,South Garo hills,West Jaintia Hills,Ri-Bhoi,South Garo hills,NewDataTxt
GK,Meghalaya,Standard MCQ,Which cave in Meghalaya is one of the longest in Asia?,Mawmluh Cave,Krem Liat Prah,Mawsmai Cave,Krem Dam,Krem Liat Prah,NewDataTxt
GK,Meghalaya,Standard MCQ,Main crop of Meghalaya is:,Maize,Rice,Wheat,Potato,Rice,NewDataTxt
GK,Meghalaya,Standard MCQ,Who was the first speaker of Meghalaya Assembly?,R.S. Lyngdoh,P.R. Kyndiah,B.G. Momin,E.K. Mawlong,R.S. Lyngdoh,NewDataTxt
GK,Meghalaya,Standard MCQ,State Bird of Meghalaya:,Peacock,Hill Myna,Sparrow,Hornbill,Hill Myna,NewDataTxt
GK,Meghalaya,Standard MCQ,State Flower of Meghalaya:,Lotus,Lady's slipper Orchid,Rhododendron,Foxtail Orchid,Lady's slipper Orchid,NewDataTxt
GK,Meghalaya,Standard MCQ,State Tree of Meghalaya:,Teak,Gamhar (Dieng Lophyiang),Pine,Sal,Gamhar (Dieng Lophyiang),NewDataTxt
GK,Meghalaya,Standard MCQ,Where is the Butterfly Museum located in Meghalaya?,Tura,Shillong,Jowai,Sohra,Shillong,NewDataTxt
GK,Meghalaya,Standard MCQ,Total area of Meghalaya is approximately:,"$21,429\text{ sq. km}$","$22,429\text{ sq. km}$","$23,429\text{ sq. km}$","$24,429\text{ sq. km}$","$22,429\text{ sq. km}$",NewDataTxt
GK,General,Standard MCQ,World's longest sandstone cave 'krempuri' is in:,Cherrapunji,Mawsynram,Jowai,Tura,Mawsynram,NewDataTxt
GK,General,Standard MCQ,'Monoliths' are associated with:,Garo Culture,Khasi Culture,Jaintia Culture,Rabha Culture,Khasi Culture,NewDataTxt
GK,Meghalaya,Standard MCQ,The Khasi language belongs to which family?,Tibeto-Burman,Mon-Khmer,Indo-Aryan,Dravidian,Mon-Khmer,NewDataTxt
GK,Meghalaya,Standard MCQ,The Garo language belongs to which family?,Mon-Khmer,Tibeto-Burman,Indo-Aryan,Austroasiatic,Tibeto-Burman,NewDataTxt
GK,Meghalaya,Standard MCQ,Who is the first woman chief secretary of Meghalaya?,R.Y. Suchiang,P.D. Shira,I. Tariang,M.N. Nampui,R.Y. Suchiang,NewDataTxt
GK,Meghalaya,Standard MCQ,First Padma Shri awardee from Meghalaya in Arts:,Neil Nongkynrih,Helen Giri,Silverine Swer,Patricia Mukhim,Neil Nongkynrih,NewDataTxt
GK,Geography,Standard MCQ,Capital of Bhutan:,Kathmandu,Thimphu,Dhaka,Colombo,Thimphu,NewDataTxt
GK,General,Standard MCQ,Who is 'Flying Sikh'?,Milkha Singh,Harbhajan Singh,Navjot Singh Sidhu,Abhinav Bindra,Milkha Singh,NewDataTxt
GK,Science,Standard MCQ,Study of universe is called:,Astronomy,Cosmology,Astrology,Meteorology,Cosmology,NewDataTxt
GK,Science,Standard MCQ,Which gas is used in balloons?,Hydrogen,Helium,Nitrogen,Oxygen,Helium,NewDataTxt
GK,General,Standard MCQ,Deficiency of Iron causes:,Scurvy,Anaemia,Goitre,Rickets,Anaemia,NewDataTxt
GK,General,Standard MCQ,Headquarters of UN is in:,Geneva,New York,Paris,London,New York,NewDataTxt
GK,General,Standard MCQ,Purest form of gold is:,18 carat,22 carat,24 carat,20 carat,24 carat,NewDataTxt
GK,Geography,Standard MCQ,Capital of Mizoram:,Imphal,Aizawl,Kohima,Gangtok,Aizawl,NewDataTxt
GK,Geography,Standard MCQ,Capital of Nagaland:,Shillong,Kohima,Dimapur,Itanagar,Kohima,NewDataTxt
GK,Geography,Standard MCQ,Capital of Manipur:,Imphal,Aizawl,Agartala,Kohima,Imphal,NewDataTxt
GK,Geography,Standard MCQ,Capital of Arunachal Pradesh:,Dispur,Itanagar,Gangtok,Imphal,Itanagar,NewDataTxt
GK,Geography,Standard MCQ,Capital of Tripura:,Agartala,Aizawl,Imphal,Kohima,Agartala,NewDataTxt
GK,Geography,Standard MCQ,Capital of Sikkim:,Imphal,Gangtok,Shillong,Kohima,Gangtok,NewDataTxt
GK,Geography,Standard MCQ,Majuli Island is in which river?,Ganga,Brahmaputra,Yamuna,Godavari,Brahmaputra,NewDataTxt
GK,Polity,Standard MCQ,Hornbill festival is celebrated in:,Assam,Nagaland,Manipur,Mizoram,Nagaland,NewDataTxt
GK,General,Standard MCQ,Bihu is festival of:,Assam,Nagaland,Tripura,Manipur,Assam,NewDataTxt
GK,Polity,Standard MCQ,Who is Governor of RBI?,Shaktikanta Das,Sanjay Malhotra,Urjit Patel,Raghuram Rajan,Sanjay Malhotra,NewDataTxt
GK,History,Standard MCQ,Jallianwala Bagh massacre year:,1915,1919,1921,1928,1919,NewDataTxt
GK,General,Standard MCQ,'Do or Die' slogan given by:,Subhash Chandra Bose,Mahatma Gandhi,Bhagat Singh,Jawaharlal Nehru,Mahatma Gandhi,NewDataTxt
GK,Geography,Standard MCQ,Sardar Sarovar Dam is on which river?,Ganga,Narmada,Mahanadi,Godavari,Narmada,NewDataTxt
GK,General,Standard MCQ,Statue of Unity is in:,Maharashtra,Gujarat,Rajasthan,Madhya Pradesh,Gujarat,NewDataTxt
GK,General,Standard MCQ,Gir National Park is famous for:,Bengal Tiger,Asiatic Lion,One-horned Rhino,Elephant,Asiatic Lion,NewDataTxt
GK,Geography,Standard MCQ,Capital of Germany:,Paris,Berlin,Munich,Frankfurt,Berlin,NewDataTxt
GK,Meghalaya,Standard MCQ,How many autonomous district councils are there in Meghalaya?,2,3,4,5,3,NewDataTxt
GK,Meghalaya,Standard MCQ,The first election to the Meghalaya Legislative Assembly was held in:,1970,1972,1975,1980,1972,NewDataTxt
GK,Meghalaya,Standard MCQ,Who was the first chief secretary of Meghalaya?,N.K. Rustomji,R.V. Lyngdoh,K.S. Rao,H.W.T. Syiem,N.K. Rustomji,NewDataTxt
GK,General,Standard MCQ,Siju Bird Sanctuary is located in which district?,West Garo Hills,South Garo Hills,East Garo Hills,South West Garo Hills,South Garo Hills,NewDataTxt
GK,Meghalaya,Standard MCQ,Where is the 'pitcher plant' mainly found in Meghalaya?,Jaintia Hills,Garo Hills,Khasi Hills,Ri-Bhoi,Jaintia Hills,NewDataTxt
GK,Meghalaya,Standard MCQ,Scientific name of pitcher plant found in Meghalaya:,Nepenthes khasiana,Nepenthes alata,Nepenthes mirabilis,Nepenthes rafflesiana,Nepenthes khasiana,NewDataTxt
GK,General,Standard MCQ,'Shad Nongkrem' is associated with which deity?,Ka Blei Synshar,U Blei Nongthaw,U Ryngkew,Ka Meikha,Ka Blei Synshar,NewDataTxt
GK,Meghalaya,Standard MCQ,The Jaintia kingdom was also known as:,Jaintiapur kingdom,Sutnga kingdom,Khasi-Jaintia kingdom,Synshiang kingdom,Sutnga kingdom,NewDataTxt
GK,General,Standard MCQ,Death Anniversary of U Tirot Sing Syiem is observed on:,July 17,August 15,December 30,October 2,July 17,NewDataTxt
GK,General,Standard MCQ,Death Anniversary of U Kiang Nangbah is observed on:,July 17,December 30,October 2,January 26,December 30,NewDataTxt
GK,General,Standard MCQ,Pa Togan Sangma died on:,"December 12, 1872","July 17, 1872","December 30, 1872","August 15, 1872","December 12, 1872",NewDataTxt
GK,Geography,Standard MCQ,Which river island is the second largest in Asia?,Majuli Island,Nongkhnum Island,Srirangam Island,Divar Island,Nongkhnum Island,NewDataTxt
GK,Meghalaya,Standard MCQ,The highest waterfall in Meghalaya is:,Nohsngithiang Falls,Nohkalikai Falls,Elephant Falls,Bishop Falls,Nohkalikai Falls,NewDataTxt
GK,Meghalaya,Standard MCQ,Major mineral found in Meghalaya:,Iron Ore,Coal,Copper,Bauxite,Coal,NewDataTxt
GK,General,Standard MCQ,Uranium deposits are found in:,Domiasiat,Nongstoin,Jowai,Mawkyrwat,Domiasiat,NewDataTxt
GK,General,Standard MCQ,Mawmluh Cave is famous for:,GSI Heritage Tag,Oldest Fossil,Cave Paintings,Deepest Abyss,GSI Heritage Tag,NewDataTxt
GK,Meghalaya,Standard MCQ,Which village in Meghalaya is known as 'Whistling Village'?,Mawlynnong,Kongthong,Nongriat,Laitlyngkot,Kongthong,NewDataTxt
GK,General,Standard MCQ,'Sacred Groves' are found in:,Sohra,Mawphlang,Nongpoh,Tura,Mawphlang,NewDataTxt
GK,Meghalaya,Standard MCQ,The Meghalaya Public Service Commission (MPSC) was established in:,1970,1972,1975,1980,1972,NewDataTxt
GK,Meghalaya,Standard MCQ,First chairman of MPSC Meghalaya:,K.S. Lolla,R.D. Shira,P.S. Lyngdoh,H.K. Sangma,K.S. Lolla,NewDataTxt
GK,Meghalaya,Standard MCQ,Who wrote the famous Khasi book 'Ka Kitab Niam-Khein Ki Khasi'?,Soso Tham,U Rabon Singh,Jeebon Roy,Radhon Singh Berry,U Rabon Singh,NewDataTxt
GK,General,Standard MCQ,'Ki Sngi Barim U Hynniew Trep' was written by:,Soso Tham,U Rabon Singh,Radhon Singh Berry,Jeebon Roy,Soso Tham,NewDataTxt
GK,Meghalaya,Standard MCQ,First Khasi Daily Newspaper:,U Nongsain Hima,Ka Jingshai Mynstep,U Nongkit Khubor,Mawphor,U Nongsain Hima,NewDataTxt
GK,Meghalaya,Standard MCQ,Who is known as 'Father of Khasi Literature'?,Thomas Jones,William Carey,Soso Tham,Jeebon Roy,Thomas Jones,NewDataTxt
GK,Meghalaya,Standard MCQ,Where is the IIM Shillong located?,Laitumkhrah,Umsawli,Mawlai,Nongthymmai,Umsawli,NewDataTxt
GK,Polity,Standard MCQ,Article 244(2) of Constitution is related to:,Special provisions for Jammu & Kashmir,Administration of Tribal areas,Finance Commission,Official Languages,Administration of Tribal areas,NewDataTxt
GK,Geography,Standard MCQ,Largest river island in the world:,Majuli,Nongkhnum,Marajó,Bananal,Majuli,NewDataTxt
GK,Polity,Standard MCQ,How many articles were in original Constitution?,395,448,370,385,395,NewDataTxt
GK,Polity,Standard MCQ,Preamble was amended by which Amendment?,42nd,44th,86th,73rd,42nd,NewDataTxt
GK,Polity,Standard MCQ,Right to Education Act was passed in:,2005,2009,2010,2012,2009,NewDataTxt
GK,General,Standard MCQ,Demonetization year in India:,2014,2016,2018,2020,2016,NewDataTxt
GK,Geography,Standard MCQ,Head of State in India:,Prime Minister,President,Chief Justice of India,Vice President,President,NewDataTxt
GK,General,Standard MCQ,Highest Dam in India:,Bhakra Dam,Tehri Dam,Hirakud Dam,Sardar Sarovar Dam,Tehri Dam,NewDataTxt
GK,General,Standard MCQ,Longest Dam in India:,Bhakra Dam,Hirakud Dam,Tehri Dam,Nagarjuna Sagar Dam,Hirakud Dam,NewDataTxt
GK,Geography,Standard MCQ,Deepest point in ocean:,Java Trench,Mariana Trench,Puerto Rico Trench,Sunda Trench,Mariana Trench,NewDataTxt
GK,Sports,Standard MCQ,Davis Cup is related to:,Football,Tennis,Cricket,Hockey,Tennis,NewDataTxt
GK,Sports,Standard MCQ,Thomas cup is related to:,Tennis,Badminton,Table Tennis,Golf,Badminton,NewDataTxt
GK,General,Standard MCQ,Current chief Justice of India:,D.Y. Chandrachud,Surya Kant,Sanjiv Khanna,B.R. Gavai,Surya Kant,NewDataTxt
GK,Polity,Standard MCQ,Constitution Day of India:,15 August,26 Nov,26 Jan,2 Oct,26 Nov,NewDataTxt
GK,Science,Standard MCQ,Lowest layer of atmosphere:,Stratosphere,Troposphere,Mesosphere,Thermosphere,Troposphere,NewDataTxt
GK,General,Standard MCQ,Ozone layer is in:,Troposphere,Stratosphere,Mesosphere,Exosphere,Stratosphere,NewDataTxt
GK,General,Standard MCQ,Sound is measured in:,Hertz,Decibel,Watt,Pascal,Decibel,NewDataTxt
GK,General,Standard MCQ,Current is measured in:,Volt,Ampere,Ohm,Watt,Ampere,NewDataTxt
GK,General,Standard MCQ,Resistance is measured in:,Ampere,Ohm,Volt,Farad,Ohm,NewDataTxt
GK,Meghalaya,Standard MCQ,Highest peak in Garo Hills:,Shillong Peak,Nokrek Peak,Tura Peak,Kyllang Rock,Nokrek Peak,NewDataTxt
GK,General,Standard MCQ,Nokrek National Park is famous for:,Citrus indica,Pitcher Plant,Golden Langur,Red Panda,Citrus indica,NewDataTxt
GK,Geography,Standard MCQ,Thadlaskein Lake is located in:,West Jaintia Hills,East Khasi Hills,West Garo Hills,Ri-Bhoi,West Jaintia Hills,NewDataTxt
GK,General,Standard MCQ,Double Decker Living Root Bridge is in:,Mawlynnong,Nongriat,Sohra,Dawki,Nongriat,NewDataTxt
GK,Meghalaya,Standard MCQ,Which Act created Meghalaya as an autonomous state?,"North-Eastern Areas (Reorganisation) Act, 1971","Assam Reorganisation (Meghalaya) Act, 1969","State Reorganisation Act, 1956","Government of India Act, 1935","Assam Reorganisation (Meghalaya) Act, 1969",NewDataTxt
GK,History,Standard MCQ,NEHU was established in:,1970,1973,1975,1980,1973,NewDataTxt
GK,General,Standard MCQ,First Viceroy of India:,Lord Warren Hastings,Lord Canning,Lord Mountbatten,Lord Dalhousie,Lord Canning,NewDataTxt
GK,General,Standard MCQ,Who wrote 'Wings of Fire'?,APJ Abdul Kalam,Pranab Mukherjee,Atal Bihari Vajpayee,Dr. S. Radhakrishnan,APJ Abdul Kalam,NewDataTxt
GK,General,Standard MCQ,Eden Gardens Stadium is in:,Mumbai,Kolkata,Delhi,Bengaluru,Kolkata,NewDataTxt
GK,General,Standard MCQ,Wankhede Stadium is in:,Kolkata,Mumbai,Chennai,Pune,Mumbai,NewDataTxt
GK,General,Standard MCQ,'Land of White Elephant' is:,India,Thailand,Myanmar,Cambodia,Thailand,NewDataTxt
GK,General,Standard MCQ,How many languages in 8th schedule?,18,22,24,14,22,NewDataTxt
GK,General,Standard MCQ,First man in space:,Neil Armstrong,Yuri Gagarin,Rakesh Sharma,Buzz Aldrin,Yuri Gagarin,NewDataTxt
GK,General,Standard MCQ,First Indian in space:,Kalpana Chawla,Rakesh Sharma,Ravish Malhotra,Sunita Williams,Rakesh Sharma,NewDataTxt
GK,Science,Standard MCQ,"'Give me blood, and I will give you freedom' said by:",Bhagat Singh,Sukhash chandra Bose,Chandra Shekhar Azad,Mahatma Gandhi,Sukhash chandra Bose,NewDataTxt
GK,General,Standard MCQ,Teacher of Alexander the Great:,Plato,Aristotle,Socrates,Pythagoras,Aristotle,NewDataTxt
GK,General,Standard MCQ,Which country is known as 'sugar bowl of the world'?,Brazil,Cuba,India,USA,Cuba,NewDataTxt
GK,Meghalaya,Standard MCQ,Who is the current speaker of Meghalaya Legislative Assembly?,Metbah Lyngdoh,Thomas A. Sangma,Charles Pyngrope,Timothy D. Shira,Thomas A. Sangma,NewDataTxt
GK,Meghalaya,Standard MCQ,Who was the first person from Meghalaya to receive Padma Shri?,Patricia Mukhim,Silverine Swer,Neil Nongkynrih,Helen Giri,Silverine Swer,NewDataTxt
GK,Meghalaya,Standard MCQ,The name 'Meghalaya' was coined by:,S.P. Chatterjee,Radhanath Sikdar,Verrier Elwin,J.N. Chowdhury,S.P. Chatterjee,NewDataTxt
GK,Meghalaya,Standard MCQ,The High court of Meghalaya was established in:,2012,2013,2014,2010,2013,NewDataTxt
GK,Meghalaya,Standard MCQ,First Chief Justice of Meghalaya High Court:,T. Meena Kumari,P.C. Pant,Uma Nath Singh,Dinesh Maheshwari,T. Meena Kumari,NewDataTxt
GK,Meghalaya,Standard MCQ,Current Chief Justice of Meghalaya High Court:,Sanjib Banerjee,Soumen Sen,S. Vaidyanathan,Indra Prasanna Mukerji,Soumen Sen,NewDataTxt
GK,General,Standard MCQ,Who is the CEM of KHADC?,Pynshngain Syiem,Hinson Tony Lyngdoh,Latiplang Kharkongor,Titosstarwell Chyne,Hinson Tony Lyngdoh,NewDataTxt
GK,General,Standard MCQ,'Monolith Festival' is held in:,Mawlynnong,Mawphlang,Sohra,Jowai,Mawphlang,NewDataTxt
GK,Meghalaya,Standard MCQ,Which college in Shillong is the oldest?,St. Anthony's College,St. Edmund's College,Lady Keane College,Shillong College,St. Edmund's College,NewDataTxt
GK,Sports,Standard MCQ,Who was the first Indian to win Nobel Prize?,C.V. Raman,Rabindranath Tagore,Mother Teresa,Har Gobind Khorana,Rabindranath Tagore,NewDataTxt
GK,General,Standard MCQ,'Land of midnight sun',Sweden,Norway,Finland,Japan,Norway,NewDataTxt
GK,History,Standard MCQ,Who invented Radio?,Nikola Tesla,Thomas Edison,Alexander Graham Bell,Guglielmo Marconi,Guglielmo Marconi,NewDataTxt
GK,History,Standard MCQ,Who invented Television?,J.L. Baird,Philo Farnsworth,Guglielmo Marconi,Thomas Edison,J.L. Baird,NewDataTxt
GK,General,Standard MCQ,International Yoga day,21st June,5th June,22nd April,11th July,21st June,NewDataTxt
